
{
  "name": "Mingalar English",
  "short_name": "NSK(GU)",
  "description": "Offline-first English learning platform for Myanmar students.",
  "theme_color": "#4f46e5",
  "background_color": "#f8fafc",
  "display": "standalone",
  "orientation": "portrait",
  "scope": "/",
  "start_url": "/",
  "icons": [
    {
      "src": "https://api.dicebear.com/7.x/bottts/svg?seed=nskgu&backgroundColor=4f46e5",
      "sizes": "192x192",
      "type": "image/svg+xml"
    },
    {
      "src": "https://api.dicebear.com/7.x/bottts/svg?seed=nskgu&backgroundColor=4f46e5",
      "sizes": "512x512",
      "type": "image/svg+xml"
    }
  ],
  "requestFramePermissions": []
}
